"ID","CLASSIFIED","TYPE","TITLE"
"HTTPCLIENT-569","BUG","BUG","HttpState.clearCookies() should be synchronized"
"HTTPCLIENT-386","BUG","BUG","Catch SocketTimeoutException not InterruptedIOException"
"HTTPCLIENT-302","BUG","BUG","exception during writeRequest leaves the connection un-released"
"HTTPCLIENT-104","IMPROVEMENT","BUG","Incorrect debug message in HttpMethodBase"
"HTTPCLIENT-85","BUG","BUG","Host request header does not contain port"
"HTTPCLIENT-196","BUG","BUG","httpClient failed to reconnect after keep-alive connection timed out"
"HTTPCLIENT-697","IMPROVEMENT","BUG","Http Client give sme message when proxy/http endpoint is down"
"HTTPCLIENT-477","RFE","BUG","There is no way to specify a different auth scheme priority for host and proxy"
"HTTPCLIENT-1054","IMPROVEMENT","IMPROVEMENT","HTTPClient per default relentlessly spams to stderr"
"HTTPCLIENT-1030","RFE","RFE","Implement ""ignoreCookies"" CookieSpec"
"HTTPCLIENT-553","DOCUMENTATION","BUG","JavaDoc getConnection methods in Connection Managers"
"HTTPCLIENT-30","RFE","BUG","should allow receiving secure cookies from non-secure chanel"
"HTTPCLIENT-452","BUG","BUG","DateUtil.formatDate() uses default timezone instead of GMT"
"HTTPCLIENT-824","TASK","TASK","Review the use of BaiscHttpParams and HttpProtocolProcessor in HttpClient"
"HTTPCLIENT-286","BUG","IMPROVEMENT","Manually set 'Cookie' & 'Authorization' headers get discarded"
"HTTPCLIENT-323","RFE","IMPROVEMENT","GetMethod.getResponseBodyAsStream() .available() could return content-length"
"HTTPCLIENT-960","BUG","BUG","HttpMultipart doesn't generate Content-Type part header in mode BROWSER_COMPATIBLE"
"HTTPCLIENT-813","BUG","BUG","HttpClient throws NPE on Invalid Port when used with MultiThreadedHttpConnectionManager"
"HTTPCLIENT-71","RFE","BUG","Add support for Digest authentication to the Authenticator class"
"HTTPCLIENT-530","BUG","BUG","Findbugs reports and fixes"
"HTTPCLIENT-317","RFE","IMPROVEMENT","HTTP Client doesn't support multipart/related content-type"
"HTTPCLIENT-852","BUG","BUG","CircularRedirectException encountered when using a proxy, but not when reaching the target directly"
"HTTPCLIENT-667","RFE","IMPROVEMENT","Provide BestMatch cookie policy"
"HTTPCLIENT-501","BUG","BUG","Minor RFC 2109 / 2965 violation"
"HTTPCLIENT-609","IMPROVEMENT","IMPROVEMENT","Use TRACE logging instead of DEBUG for the absolute nitty-gritties"
"HTTPCLIENT-926","RFE","RFE","Add Amazon S3 authentication support"
"HTTPCLIENT-46","RFE","IMPROVEMENT","Plug-in authentication modules"
"HTTPCLIENT-1027","DOCUMENTATION","IMPROVEMENT","Some typos in the English Manual"
"HTTPCLIENT-965","BUG","BUG","cache does not honor must-revalidate or proxy-revalidate Cache-Control directives"
"HTTPCLIENT-404","BUG","BUG","SO_TIMEOUT parameter on the method level has no effect"
"HTTPCLIENT-384","IMPROVEMENT","BUG","3.0 not compile-time compatible with 2.0 library usage"
"HTTPCLIENT-972","RFE","IMPROVEMENT","caching module should use HttpParams-style configuration"
"HTTPCLIENT-1026","TASK","BUG","Properly close resources"
"HTTPCLIENT-165","BUG","BUG","'100-continue' response times out unexpectedly"
"HTTPCLIENT-440","BUG","BUG","Exception in HttpConnection because of unchecked buffer size"
"HTTPCLIENT-510","RFE","IMPROVEMENT","User-defined ProtocolSocketFactory for secure connection through proxy"
"HTTPCLIENT-985","BUG","BUG","cache module should populate Via header to capture upstream and downstream protocols"
"HTTPCLIENT-1034","DOCUMENTATION","IMPROVEMENT","Add link to ""Benchmarking the HttpClient Caching Module"" article from Comcast Interactive Media"
"HTTPCLIENT-163","BUG","BUG","HttpClient does not compile 'out of the box' in IBM's VisualAge IDE"
"HTTPCLIENT-574","DESIGN_DEFECT","BUG","Subclasses do not have write access to StatusLine"
"HTTPCLIENT-705","BUG","BUG","Handle URIs with path component null"
"HTTPCLIENT-738","REFACTORING","BUG","HostnameVerifier shouldn't shadow simple name of implemented interface"
"HTTPCLIENT-99","BUG","BUG","Requests are retried 3 times unconditionaly"
"HTTPCLIENT-1142","BUG","BUG","Infinite loop on NTLM authentication"
"HTTPCLIENT-1097","SPEC","BUG","BrowserCompatHostnameVerifier and StrictHostnameVerifier should handle wildcards in SSL certificates better"
"HTTPCLIENT-552","RFE","IMPROVEMENT","Add shutdown method to SimpleHttpConnectionManager"
"HTTPCLIENT-758","DESIGN_DEFECT","BUG","Wrong method signatures in AbstractHttpClient"
"HTTPCLIENT-26","RFE","IMPROVEMENT","need a way to set request body in PostMethod"
"HTTPCLIENT-1100","BUG","BUG","Missing Content-Length header makes cached entry invalid"
"HTTPCLIENT-675","BUG","BUG","thread starving in MultiThreadedHttpConnectionManager"
"HTTPCLIENT-614","RFE","IMPROVEMENT","allow different strategies when checking CN of x509 cert"
"HTTPCLIENT-713","CLEANUP","","remove RoutedRequest from ClientRequestDirector interface"
"HTTPCLIENT-298","DOCUMENTATION","IMPROVEMENT","javadoc often has <code> without </code>"
"HTTPCLIENT-494","IMPROVEMENT","BUG","Invalid redirects are not corrected"
"HTTPCLIENT-806","BUG","BUG","ConnectException not handled in DefaultHttpMethodRetryHandler"
"HTTPCLIENT-1177","BUG","BUG","HttpClient treats URI fragments in redirect URIs incosistently"
"HTTPCLIENT-506","BUG","BUG","Digest auth uses wrong uri in proxy authentication"
"HTTPCLIENT-1182","RFE","RFE","Add a constructor to org.apache.http.conn.ssl.SSLSocketFactory to allow for directly wrapping a javax.net.ssl.SSLSocketFactory socketfactory"
"HTTPCLIENT-444","BUG","BUG","Preemptive authentication causes NTLM auth scheme to fail"
"HTTPCLIENT-657","TEST","BUG","TestBasicCookieAttribHandlers fails on non-english Locale systems"
"HTTPCLIENT-41","RFE","IMPROVEMENT","New method to add an array of parameters to PostMethod"
"HTTPCLIENT-1057","DOCUMENTATION","IMPROVEMENT","wrong class name in statemgmt.xml"
"HTTPCLIENT-998","IMPROVEMENT","IMPROVEMENT","cache should use both Last-Modified and ETag for validations when available"
"HTTPCLIENT-869","OTHER","BUG","Incorrect/incomplete product name in META-INF/NOTICE file"
"HTTPCLIENT-772","DOCUMENTATION","BUG","typo in RFC reference in web site"
"HTTPCLIENT-526","IMPROVEMENT","BUG","warn on invalid set-cookie header"
"HTTPCLIENT-342","DOCUMENTATION","BUG","[API Doc] Improve the description of the preemptive authentication"
"HTTPCLIENT-261","BUG","BUG","infinite loop on 302 redirect with different host in Location: header"
"HTTPCLIENT-1066","BACKPORT","BUG","HTTPClient 4.1 auto slash removal"
"HTTPCLIENT-769","BUG","BUG","java.lang.IllegalStateException: Connection already open."
"HTTPCLIENT-1016","RFE","IMPROVEMENT","Adding a custom location header extractor method for RedirectStrategy."
"HTTPCLIENT-689","RFE","IMPROVEMENT","stackable parameters"
"HTTPCLIENT-903","IMPROVEMENT","IMPROVEMENT","Use ConcurrentHashMap instead of HashMap wherever thread-safe access is needed"
"HTTPCLIENT-711","BUG","BUG","bad route computed for redirected requests"
"HTTPCLIENT-659","IMPROVEMENT","IMPROVEMENT","DateUtils should cache SimpleDateFormat"
"HTTPCLIENT-944","BUG","BUG","In case of SocketTimeoutException and using HttpRequestRetryHandler the execution is always +1"
"HTTPCLIENT-1158","IMPROVEMENT","","Change the error message in the exception at URIUtils#rewriteURI "
"HTTPCLIENT-227","BUG","BUG","Missing Content-Length header causes a SocketException"
"HTTPCLIENT-729","REFACTORING","IMPROVEMENT","move HttpRoute and related classes to separate package"
"HTTPCLIENT-914","IMPROVEMENT","IMPROVEMENT","Use Apache Codec 1.4"
"HTTPCLIENT-399","RFE","BUG","Connection not closed after ""Connection: close"" request"
"HTTPCLIENT-390","BUG","BUG","SSL + proxy + Host auth + Keep Alive off causes an infinite loop in HttpMethodDirector"
"HTTPCLIENT-674","IMPROVEMENT","IMPROVEMENT","use VersionInfo of core"
"HTTPCLIENT-413","BUG","BUG","Cookie with domain .mydomain.com not sent to host mydomain.com"
"HTTPCLIENT-672","TASK","TASK","re-sync client with changes in core alpha6 snapshot"
"HTTPCLIENT-505","UNKNOWN","BUG","cipher"
"HTTPCLIENT-464","BUG","BUG","An HTTP ""204 NO CONTENT"" response results in dropped connection"
"HTTPCLIENT-1139","BUG","BUG","NTLM Authentication No Longer Working In Latest Release"
"HTTPCLIENT-243","RFE","BUG","Transfer-Encoding: identity not supported + possible patch"
"HTTPCLIENT-595","BUILD_SYSTEM","IMPROVEMENT","Fix junit scope in maven pom"
"HTTPCLIENT-822","IMPROVEMENT","BUG","HttpClient throws java.net.SocketException instead of org.apache.http.conn.ConnectionTimeoutException when connection timeout occurs"
"HTTPCLIENT-5","BUG","BUG","Cookie.parse exception when parsing expiry date in single quotes"
"HTTPCLIENT-478","BUG","BUG","HttpConnectionParams.setConnectionTimeout(int) has no effect if host unreachable"
"HTTPCLIENT-107","BUG","BUG","HttpMethodBase: Port mismatch in URL for redirect to absolute location"
"HTTPCLIENT-280","BUG","BUG","Freezes w/ MultiThreadedHttpConnectionManager"
"HTTPCLIENT-347","IMPROVEMENT","BUG","MultiThreadedConnectionManager Accounting Problems"
"HTTPCLIENT-755","BUG","BUG","Use of java.net.URI.resolve() is buggy"
"HTTPCLIENT-1154","RFE","IMPROVEMENT","org.apache.http.impl.client.cache.memcached.MemcachedHttpCacheStorage should allow client to specify custom prefix string for keys"
"HTTPCLIENT-582","RFE","IMPROVEMENT","Allow access to registered cookie policies"
"HTTPCLIENT-653","IMPROVEMENT","IMPROVEMENT","connection wrapper prevents GC of TSCCM"
"HTTPCLIENT-166","IMPROVEMENT","BUG","waitForResponse is using busy wait"
"HTTPCLIENT-484","REFACTORING","IMPROVEMENT","Fold AuthSSLProtocolSocketFactory into HttpClient proper"
"HTTPCLIENT-226","BUG","BUG","HttpMethod#getResponseBody throws NPE"
"HTTPCLIENT-775","OTHER","BUG","download section of website down"
"HTTPCLIENT-48","RFE","IMPROVEMENT","User interaction for authentication"
"HTTPCLIENT-245","RFE","RFE","customize handling of 302 redirects"
"HTTPCLIENT-815","DOCUMENTATION","IMPROVEMENT","Quick Start guide for HttpClient 4.0"
"HTTPCLIENT-1056","BUG","BUG","Wrong creation of AuthScope object"
"HTTPCLIENT-309","RFE","IMPROVEMENT","[RFE] Allow streaming of POST methods via chunked transfer encoding."
"HTTPCLIENT-1157","IMPROVEMENT","BUG","MemcachedHttpCacheStorage should throw IOExceptions instead of Runtime Exceptions"
"HTTPCLIENT-725","CLEANUP","IMPROVEMENT","TSCCM code cleanup"
"HTTPCLIENT-344","IMPROVEMENT","BUG","HttpConnection.isOpen() logging is not accurate"
"HTTPCLIENT-989","BUG","BUG","DefaultHttpRequestRetryHandler must not retry non-idempotent http methods (violates RFC 2616)"
"HTTPCLIENT-1147","BUG","BUG","When HttpClient-Cache cannot open cache file, should act like miss"
"HTTPCLIENT-715","CLEANUP","","remove RoutedRequest from API"
"HTTPCLIENT-242","IMPROVEMENT","BUG","Add InputStream buffering."
"HTTPCLIENT-365","BUG","BUG","StatusLine IndexOutOfBounds"
"HTTPCLIENT-1069","BUG","BUG","HttpClient 4.1 ignores request retry handler and stops retrying when a read timeout is followed by a connection refusal"
"HTTPCLIENT-1044","SPEC","IMPROVEMENT","DefaultHttpRequestRetryHandler is not handling PUT as an idempotent method for retries, though RFC2616 section 9.1.2 clearly defines it to be one."
"HTTPCLIENT-773","BUG","BUG","Parsing expires"
"HTTPCLIENT-906","IMPROVEMENT","IMPROVEMENT","Minor performance improvement to IdleConnectionHandler"
"HTTPCLIENT-463","BUG","BUG","Occasional ""Host connection pool not found"""
"HTTPCLIENT-108","IMPROVEMENT","BUG","Cookie.java: 'bookean' typo"
"HTTPCLIENT-765","BUG","BUG","String.toLowerCase() / toUpperCase() should specify Locale.ENGLISH"
"HTTPCLIENT-383","CLEANUP","BUG","HostConfiguration handling requires cleanup"
"HTTPCLIENT-216","BUG","BUG","Cookies with null path attribute are rejected in the compatibility mode"
"HTTPCLIENT-352","RFE","IMPROVEMENT","Allow polymorphic use of addParameter"
"HTTPCLIENT-4","IMPROVEMENT","BUG","Chunked transfer encoding not isolated from application."
"HTTPCLIENT-206","IMPROVEMENT","IMPROVEMENT","URI class constructors need revision, optimization"
"HTTPCLIENT-1179","IMPROVEMENT","","Upgrade commons-codec 1.4 -> 1.6"
"HTTPCLIENT-176","BUG","BUG","Unusual Http status line"
"HTTPCLIENT-1135","SPEC","BUG","RandomAccessFile mode ""w"" is not valid"
"HTTPCLIENT-54","IMPROVEMENT","IMPROVEMENT","Handle Null Arguments consistantly"
"HTTPCLIENT-1086","IMPROVEMENT","IMPROVEMENT","Use Iterable<? extends UrlEncodedFormEntity> instead of List<? extends UrlEncodedFormEntity> in URLEncodedUtils.format and UrlEncodedFormEntity"
"HTTPCLIENT-1063","RFE","IMPROVEMENT","ResponseContentEncoding should also handle x-gzip, compress and x-compress"
"HTTPCLIENT-304","CLEANUP","BUG","Cleanup use of EncodingUtil and HttpConstants"
"HTTPCLIENT-79","BUG","BUG","Preemtive Auth fails whithout credentials"
"HTTPCLIENT-385","RFE","IMPROVEMENT","Access to SO_TIMEOUT for open connections"
"HTTPCLIENT-239","BUG","BUG","Redirect 302 to the same URL causes max redirects exception"
"HTTPCLIENT-868","DOCUMENTATION","IMPROVEMENT","Add <a name=""""> anchors to documentation sections"
"HTTPCLIENT-1152","BUG","BUG","org.apache.http.impl.client.cache.memcached.MemcachedHttpCacheStorage should verify class of returned object before casting"
"HTTPCLIENT-437","BUG","BUG","method.getURI()  returns escaped URIs but it shouldn't"
"HTTPCLIENT-110","UNKNOWN","BUG","Port 80 is needed to run tests"
"HTTPCLIENT-522","BUG","BUG","ProxyCredentials disclosed to remote host"
"HTTPCLIENT-197","BUG","BUG","Problem with redirect on HEAD when (bad, naughty) server returns body content"
"HTTPCLIENT-316","OTHER","BUG","release is not signed"
"HTTPCLIENT-237","IMPROVEMENT","BUG","wire logger skips empty line"
"HTTPCLIENT-281","BUG","BUG","DefaultHttpParamsFactory violates applet sandbox"
"HTTPCLIENT-615","IMPROVEMENT","IMPROVEMENT","Consider making HostConfiguration immutable"
"HTTPCLIENT-842","DOCUMENTATION","IMPROVEMENT","Link javadocs of HttpClient, HttpCore and HttpMime"
"HTTPCLIENT-717","BUG","BUG","NPE in SimpleHttpConnectionManager.shutdown()"
"HTTPCLIENT-50","RFE","IMPROVEMENT","User configurable cookie policy"
"HTTPCLIENT-1002","BUG","BUG","Stale connections are never detected when wireLog.isDebugEnabled() == true"
"HTTPCLIENT-487","BUG","BUG","ParameterParser parse method for authentication headers does not appear to deal with empty value strings"
"HTTPCLIENT-1003","IMPROVEMENT","IMPROVEMENT","Handle conditional requests in cache"
"HTTPCLIENT-791","DOCUMENTATION","BUG","Default retry count three even if documentation says it's five"
"HTTPCLIENT-278","RFE","IMPROVEMENT","Add the ability to disable the content-type and transfer encoding headers for Parts"
"HTTPCLIENT-106","RFE","BUG","Path should not be encoded in HttpMethodBase"
"HTTPCLIENT-699","IMPROVEMENT","IMPROVEMENT","Performance tuning"
"HTTPCLIENT-221","BUG","BUG","error handling duplicate connection headers"
"HTTPCLIENT-567","BUG","BUG","EasyX509TrustManager no longer checks cert expiry"
"HTTPCLIENT-122","BUG","BUG","HttpMultiClient reuses closed connections"
"HTTPCLIENT-909","IMPROVEMENT","IMPROVEMENT","Upgrade all default socket factories to use SO_REUSEADDR parameter"
"HTTPCLIENT-975","RFE","RFE","add support to caching module for RFC 5861 (stale-on-error and stale-while-revalidate)"
"HTTPCLIENT-208","BUG","BUG","Netscape proxy problem wtih POST"
"HTTPCLIENT-95","RFE","BUG","Proxy authentication does not handle multiple multiple authentication schemes"
"HTTPCLIENT-18","RFE","BUG","Can't use proxy server with https"
"HTTPCLIENT-195","BUG","BUG","NTLM authentication failed due to closing of connection"
"HTTPCLIENT-542","BUG","BUG","Explicit VirtualHosts Can Cause Issues On Redirects"
"HTTPCLIENT-1076","RFE","RFE","[GSoC 2011] Fluent API to HttpClient"
"HTTPCLIENT-1011","BUG","IMPROVEMENT","CachingHttpClient.execute() does not catch the IOException thrown by HttpCache.getCacheEntry()"
"HTTPCLIENT-410","DOCUMENTATION","BUG","Typos in MultiThreadedHttpConnectionManager"
"HTTPCLIENT-1037","IMPROVEMENT","BUG","FormBodyPart code does not agree with ContentDescriptor Javadoc wrt nullability of mimeType and transferEncoding"
"HTTPCLIENT-113","BUG","BUG","NullPointerException in HttpMethodBase.getResponseBodyAsString"
"HTTPCLIENT-236","BUG","BUG","URI.normalize() error"
"HTTPCLIENT-807","RFE","RFE","ContentBody doesn't currently have a setMimeType method."
"HTTPCLIENT-43","IMPROVEMENT","IMPROVEMENT","replace the PostMethod parameters HashMap with a List"
"HTTPCLIENT-1051","BUG","BUG","SSL connections cannot be established using resolvable IP address"
"HTTPCLIENT-591","REFACTORING","","Apply the supplied patch. Sets 2 variable in the base class to protected"
"HTTPCLIENT-570","BUG","BUG","Failed CONNECT leaves connection in an inconsistent state"
"HTTPCLIENT-723","RFE","RFE","HttpRoutePlanner based on ProxySelector"
"HTTPCLIENT-1078","BUG","BUG","DecompressingEntity not calling close on InputStream retrieved by getContent"
"HTTPCLIENT-1013","DOCUMENTATION","BUG","website: 404 for several documentation pages"
"HTTPCLIENT-130","IMPROVEMENT","BUG","HttpMethodBase does not compile on JDK prior to 1.3"
"HTTPCLIENT-718","BUG","BUG","SSL verification occurs before setSoTimeout, which can lead to hangs"
"HTTPCLIENT-784","BUG","BUG","Multipart post is broken"
"HTTPCLIENT-644","BUG","BUG","Bad request vulnerability "
"HTTPCLIENT-640","IMPROVEMENT","IMPROVEMENT","contrib.ssl.HostConfigurationWithHostFactory"
"HTTPCLIENT-1128","RFE","IMPROVEMENT","Provide factory method to create DefaultHttpClient instances pre-configured based on JSSE and networking system properties"
"HTTPCLIENT-123","IMPROVEMENT","IMPROVEMENT","MultipartPostMethod does not check for error messages"
"HTTPCLIENT-149","BUG","BUG","303 Redirects are not handled properly"
"HTTPCLIENT-979","IMPROVEMENT","IMPROVEMENT","cache entry resource management should be extracted from CachingHttpClient"
"HTTPCLIENT-1072","BUILD_SYSTEM","IMPROVEMENT","Inline nested jars in OSGi bundles"
"HTTPCLIENT-649","RFE","RFE","Support multiple proxies"
"HTTPCLIENT-747","BUG","BUG","No entry created for this pool."
"HTTPCLIENT-634","BUG","IMPROVEMENT","HostConfiguration socketFactory is ignored"
"HTTPCLIENT-668","TASK","IMPROVEMENT","make sure no static loggers are used"
"HTTPCLIENT-948","BUG","BUG","IdleConnectionHandler can leave closed connections in a inconsistent state"
"HTTPCLIENT-786","TASK","IMPROVEMENT","variables should be accessed through getters"
"HTTPCLIENT-610","RFE","","HttpMethodBase.getResponseBodyAsString(long limit)"
"HTTPCLIENT-341","BUG","BUG","HttpUrl does not accept unescaped passwords"
"HTTPCLIENT-429","BUG","BUG","Problem getting the HTTPClient to use HTTP 1.0 with a proxy server"
"HTTPCLIENT-911","IMPROVEMENT","IMPROVEMENT","Support underscore in domain name, or provide better exception"
"HTTPCLIENT-753","REFACTORING","IMPROVEMENT","move class Scheme and friends to a separate package"
"HTTPCLIENT-695","DOCUMENTATION","BUG","broken link to the release notes"
"HTTPCLIENT-259","BUILD_SYSTEM","BUG","[Maven] Migrate checkstyle.properties to XML"
"HTTPCLIENT-117","RFE","BUG","Move to the new URIUtil class"
"HTTPCLIENT-748","IMPROVEMENT","IMPROVEMENT","make SchemeRegistry friendlier for DI frameworks"
"HTTPCLIENT-742","REFACTORING","IMPROVEMENT","common interface for HttpRoute and RouteTracker"
"HTTPCLIENT-265","BUG","BUG","Error releasing chunked connections with no response body."
"HTTPCLIENT-1153","IMPROVEMENT","BUG","org.apache.http.impl.client.cache.memcached.MemcachedHttpCacheStorage uses URL as cache key - shouldn't."
"HTTPCLIENT-214","IMPROVEMENT","IMPROVEMENT","HttpClient drops connection to the proxy when an invalid 'connection: close' directive is encountered in 'connection established' response"
"HTTPCLIENT-999","TEST","TEST","need tests to guarantee transparency of caching module on end-to-end headers"
"HTTPCLIENT-633","BUG","BUG","MultiThreadedHttpConnectionManager does not properly respond to thread interrupts"
"HTTPCLIENT-1065","DOCUMENTATION","TASK","Documentation on SingleClientConnManager(SchemeRegistry schreg) constructor is wrong"
"HTTPCLIENT-1079","BUG","BUG","Kerberos cross-realm support is broken"
"HTTPCLIENT-981","BUG","BUG","CachingHttpClient returns a 411 respones when executing a POST (HttpPost) request "
"HTTPCLIENT-735","RFE","IMPROVEMENT","allow unsetting of DEFAULT_PROXY and FORCED_ROUTE parameters in the client stack"
"HTTPCLIENT-128","BUG","BUG","Redirection of a POST method"
"HTTPCLIENT-427","RFE","IMPROVEMENT","Implement a cache to perform real request only when needed"
"HTTPCLIENT-412","DOCUMENTATION","IMPROVEMENT","Document SINGLE_COOKIE_HEADER param in the cookie guide"
"HTTPCLIENT-1140","BUG","BUG","Infinite loop on basic authentication"
"HTTPCLIENT-47","RFE","IMPROVEMENT","User definable default headers support"
"HTTPCLIENT-964","BUG","BUG","no-cache directives with field names are transmitted downstream"
"HTTPCLIENT-268","BUG","BUG","Socket streams are closed in the incorrect order."
"HTTPCLIENT-131","RFE","IMPROVEMENT","[HttpClient] Authenticator() - ability to perform alternate authentication"
"HTTPCLIENT-373","RFE","IMPROVEMENT","Allow configuration of SO_LINGER"
"HTTPCLIENT-307","BUG","BUG","An IOException or RuntimeException leaves the underlying socket in an undetermined state"
"HTTPCLIENT-34","IMPROVEMENT","IMPROVEMENT","optimization in sending request"
"HTTPCLIENT-228","BUG","BUG","Request with DIGEST authentication fails when redirected"
"HTTPCLIENT-967","RFE","IMPROVEMENT","allow cache to be configured as a non-shared (private) cache"
"HTTPCLIENT-923","IMPROVEMENT","BUG","NetscapeDraftSpec is too strict about cookie expires date format"
"HTTPCLIENT-187","RFE","IMPROVEMENT","Provide general HTTP date parsing"
"HTTPCLIENT-862","RFE","IMPROVEMENT","Extend the client's redirect handling interface to allow control of the content of the redirect"
"HTTPCLIENT-38","BUG","BUG","Header Connection Close - Closes the Connection"
"HTTPCLIENT-119","BUG","BUG","[PATCH] FilePart fails to send data on second call to send"
"HTTPCLIENT-295","BUG","IMPROVEMENT","HttpClient loops endlessly while trying to retrieve status line"
"HTTPCLIENT-406","IMPROVEMENT","IMPROVEMENT","Releasing a connection is unconfirmed"
"HTTPCLIENT-326","RFE","IMPROVEMENT","MultiThreadedConnectionManager should provide a shutdown"
"HTTPCLIENT-788","RFE","RFE","Public Suffix List"
"HTTPCLIENT-296","BUG","BUG","Basic Authentification fails with non-ASCII username/password characters"
"HTTPCLIENT-379","BUG","BUG","JVM bug 4949631 causes BufferOverflowException in HttpMethodBase.getResponseBodyAsString"
"HTTPCLIENT-848","BUG","BUG","HttpClient:- Connections not released when SSL Tunneling fails."
"HTTPCLIENT-874","RFE","BUG","Override method MultipartEntity.addPart so that applications may use FormBodyPart"
"HTTPCLIENT-1143","BUG","BUG","CachingHttpClient leaks connections with stale-if-error"
"HTTPCLIENT-306","REFACTORING","IMPROVEMENT","Redesign of HTTP authentication framework"
"HTTPCLIENT-230","RFE","BUG","Contributed utility for determing content type from file type extension"
"HTTPCLIENT-520","BUG","BUG","MultipartEntity incorrectly computes unknown length"
"HTTPCLIENT-884","BUG","BUG","Charset omitted from UrlEncodedFormEntity Content-Type header"
"HTTPCLIENT-871","RFE","IMPROVEMENT","Add FileBody constructor with explicit filename"
"HTTPCLIENT-1015","RFE","IMPROVEMENT","Support only-if-cached directive"
"HTTPCLIENT-143","DOCUMENTATION","BUG","Better integration of the TestWebApp-HowTo into the documentation"
"HTTPCLIENT-969","BUG","BUG","BasicCookieStore.getCookies() returns non-threadsafe collection"
"HTTPCLIENT-129","IMPROVEMENT","BUG","multipart feedback"
"HTTPCLIENT-676","BUG","BUG","memory leak in MultiThreadedHttpConnectionManager"
"HTTPCLIENT-1020","BUILD_SYSTEM","","Please add maven-notice-plugin to gump-trunk"
"HTTPCLIENT-102","RFE","BUG","Unable to get the status line from a http method object"
"HTTPCLIENT-618","CLEANUP","IMPROVEMENT","Eliminate class HostConfiguration"
"HTTPCLIENT-790","BUG","BUG","Protocol interceptors not called when executing CONNECT methods"
"HTTPCLIENT-601","RFE","RFE","SecureProtocolFactoryWrapper class for using the socket factory created by Java Web Start"
"HTTPCLIENT-238","IMPROVEMENT","BUG","HeaderElement#parse(String) implementation is not optimal"
"HTTPCLIENT-719","RFE","IMPROVEMENT","Clone support"
"HTTPCLIENT-266","RFE","IMPROVEMENT","[patch] Support for digest auth MD5-sess"
"HTTPCLIENT-835","IMPROVEMENT","IMPROVEMENT","Thread safety and visibility Improvements"
"HTTPCLIENT-524","RFE","BUG","Provide feedback mechanism to CredentialsProvider"
"HTTPCLIENT-402","BUG","BUG","DefaultMethodRetryHandler bug"
"HTTPCLIENT-210","BUG","BUG","Exception handling in HttpClient requires redesign"
"HTTPCLIENT-345","RFE","IMPROVEMENT","[CONTRIB] SSL authenticating protocol socket factory"
"HTTPCLIENT-536","DOCUMENTATION","BUG","misleading lack of javadoc in StringRequestEntity"
"HTTPCLIENT-789","RFE","IMPROVEMENT","Support for passing an SSLContext to the SSLSocketFactory of HttpClient"
"HTTPCLIENT-255","IMPROVEMENT","BUG","In J2SDK 1.5.0 (Tiger) enum is a keyword"
"HTTPCLIENT-324","DOCUMENTATION","IMPROVEMENT","[API Doc] Document exceptions thrown on execute methods"
"HTTPCLIENT-739","RFE","IMPROVEMENT","CookieIdentityComparator and CookiePathComparator could/should implement Serializable"
"HTTPCLIENT-1166","BUG","BUG","URIUtils.extractHost(...) throws a NumberFormatException line 310"
"HTTPCLIENT-1164","RFE","BUG","Compressed entities are not being cached properly"
"HTTPCLIENT-179","BUG","BUG","HTTPS Post Does Not Work"
"HTTPCLIENT-546","BUG","BUG","MultiThreadedHttpConnectionManager setMaxTotalConnections() method doesn't work"
"HTTPCLIENT-368","RFE","BUG","[PATCH]character encoding handling is invalid at multipart"
"HTTPCLIENT-460","RFE","IMPROVEMENT","Windows specific implementation of the Digest auth scheme"
"HTTPCLIENT-29","RFE","BUG","shouldn't throw exception on bad cookies"
"HTTPCLIENT-616","BUG","BUG","HttpMethodDirector.executeWithRetry method fails to close the underlying connection if a RuntimeException is thrown"
"HTTPCLIENT-314","BUG","BUG","New socket timeout value wont have effect if connection is reused"
"HTTPCLIENT-701","DOCUMENTATION","BUG","Cookie guide lists RFC 2965 as unsupported"
"HTTPCLIENT-162","RFE","BUG","Realm from authentication challenge unavailable"
"HTTPCLIENT-1053","BUG","BUG","Security issue - DigestScheme uses constant nonce count value"
"HTTPCLIENT-158","BUG","BUG","Empty response body is not properly handled when chunked encoding is used"
"HTTPCLIENT-502","BUG","BUG","HttpConnection isOpen flag concurrency problem"
"HTTPCLIENT-32","IMPROVEMENT","BUG","querystring still not set in Url*Method constructors"
"HTTPCLIENT-544","BUG","BUG","Digest auth uses incorrect URI"
"HTTPCLIENT-389","RFE","IMPROVEMENT","Provide Date Header Util Methods"
"HTTPCLIENT-312","DOCUMENTATION","BUG","Update license terms"
"HTTPCLIENT-24","BUG","BUG","Exception shouldn't be thrown for unsupported authentication method"
"HTTPCLIENT-630","DESIGN_DEFECT","BUG","URI.java readObject()/writeObject() must be private"
"HTTPCLIENT-485","IMPROVEMENT","BUG","Connection is not released back to the pool if a runtime exception is thrown in HttpMethod#releaseConnection method"
"HTTPCLIENT-377","DOCUMENTATION","BUG","[API Doc] HttpClient tutorial update"
"HTTPCLIENT-98","BUG","BUG","PUT method blocks against older servers"
"HTTPCLIENT-420","RFE","IMPROVEMENT","Provide a non-pooling connection manager"
"HTTPCLIENT-291","DOCUMENTATION","BUG","Cookie docs are outdated."
"HTTPCLIENT-1014","RFE","RFE","ByteArrayBody as an alternative to InputStreamBody"
"HTTPCLIENT-665","REFACTORING","IMPROVEMENT","Change access to internal maps of HttpState to protected."
"HTTPCLIENT-692","BACKPORT","IMPROVEMENT","ClientConnectionManager should throw InterruptedException"
"HTTPCLIENT-500","DOCUMENTATION","BUG","Dependency URL broken for commons-logging"
"HTTPCLIENT-13","BUG","BUG","empty path not handled correctly"
"HTTPCLIENT-217","RFE","IMPROVEMENT","httpMethod.abort needed"
"HTTPCLIENT-290","BUG","BUG","MS Proxy with NTLM authentication set up does not work"
"HTTPCLIENT-1132","RFE","RFE","porting of ProxyClient from 3.1 to 4.x API"
"HTTPCLIENT-670","RFE","RFE","add an interface for plugable dns clients"
"HTTPCLIENT-289","BUG","BUG","MultiThreadedHttpConnectionManager daemon Thread never GC'd"
"HTTPCLIENT-538","DOCUMENTATION","IMPROVEMENT","New PostSOAP example (for src/examples)"
"HTTPCLIENT-1172","BUILD_SYSTEM","","LocalTestServer and supporting classes should be available as a separate jar"
"HTTPCLIENT-740","IMPROVEMENT","IMPROVEMENT","AbstractConnPool constructor calls thread.Start()"
"HTTPCLIENT-322","TEST","IMPROVEMENT","Deprecate and replace SimpleHttpConnection with the SimpleHttpServer based testing framework"
"HTTPCLIENT-157","IMPROVEMENT","BUG","migrate to commons-codec Base64"
"HTTPCLIENT-635","BUG","IMPROVEMENT","Port fix for HTTPCLIENT-633 to 4.0"
"HTTPCLIENT-1122","BUG","BUG","NPE in RequestProxyAuthentication on Android"
"HTTPCLIENT-401","RFE","BUG","HttpState should have methods for clearing all cookies and credentials"
"HTTPCLIENT-66","RFE","IMPROVEMENT","RFC 2965 Support (Port sensitive cookies)"
"HTTPCLIENT-426","IMPROVEMENT","BUG","httpclient doesn't read and parse response from certain types of proxy servers when POST method is used"
"HTTPCLIENT-834","RFE","RFE","Transparent Content Coding support"
"HTTPCLIENT-625","RFE","IMPROVEMENT","shutdown of MultiThreadedHttpConnectionManager"
"HTTPCLIENT-517","DOCUMENTATION","IMPROVEMENT","Cookie Documentation clarifications"
"HTTPCLIENT-917","IMPROVEMENT","BUG","When authentication is invalidated during redirection, proxy authentication also should be invalidated"
"HTTPCLIENT-132","RFE","IMPROVEMENT","New Preferences Architecture"
"HTTPCLIENT-901","RFE","IMPROVEMENT","Add a ContextAwareAuthScheme that has access to the HttpContext in the authenticate method"
"HTTPCLIENT-335","RFE","BUG","Handling sub-domain cookies."
"HTTPCLIENT-135","BUG","BUG","Possible HttpClient codepage issue (ascii/ebcdic) on WebSphere z/OS"
"HTTPCLIENT-930","BUG","BUG","Unencoded redirect URI causes exception when following redirects"
"HTTPCLIENT-445","BUG","BUG","304 response status handling"
"HTTPCLIENT-223","BUG","BUG","URI path resolution problems."
"HTTPCLIENT-1039","BUG","BUG","AbstractHttpClient.determineTarget does not recognize target host correctly"
"HTTPCLIENT-1103","BUG","BUG","GzipDecompressingEntity (and therefore ContentEncodingHttpClient) not consistent with EntityUtils.consumeEntity"
"HTTPCLIENT-547","RFE","IMPROVEMENT","Provide access to port of Host header"
"HTTPCLIENT-889","IMPROVEMENT","","Should USE_EXPECT_CONTINUE be false by default?"
"HTTPCLIENT-832","IMPROVEMENT","IMPROVEMENT"," MalformedCookieException: distinguish cookie syntax errors from cross-domain errors"
"HTTPCLIENT-860","BUG","BUG","DefaultRequestDirector converts redirects of PUT/POST to GET for status codes 301, 302, 307"
"HTTPCLIENT-1144","IMPROVEMENT","IMPROVEMENT","Caching client has a class for common headers that was not being used consistently in the code"
"HTTPCLIENT-1033","IMPROVEMENT","BUG","HttpRoute.equals(Object o) is quite inefficient, as it does not take full advantage of shortcut logic"
"HTTPCLIENT-139","IMPROVEMENT","BUG","isHttp11 should have HttpClient scope"
"HTTPCLIENT-56","IMPROVEMENT","IMPROVEMENT","Move to commons-logging"
"HTTPCLIENT-439","BUG","BUG","Authentication fails when connecting to server with username and password in non ascii characters"
"HTTPCLIENT-1008","IMPROVEMENT","IMPROVEMENT","Send all variants' ETags on ""variant miss"""
"HTTPCLIENT-489","BUG","BUG","Request is retried if preemptive authentication fails"
"HTTPCLIENT-962","IMPROVEMENT","BUG","client cache may be a shared cache but is caching responses to requests with Authorization headers"
"HTTPCLIENT-447","BUG","BUG","IllegalStateException: Authentication state already initialized"
"HTTPCLIENT-97","BUG","BUG","Error reading data"
"HTTPCLIENT-898","IMPROVEMENT","IMPROVEMENT","Improve multihome support"
"HTTPCLIENT-752","OTHER","IMPROVEMENT","version.properties"
"HTTPCLIENT-904","CLEANUP","IMPROVEMENT","HttpMime StringBody constructor throws specification unnecessarily declares UnsupportedEncodingException"
"HTTPCLIENT-145","CLEANUP","BUG","Align the code base with checkstyle"
"HTTPCLIENT-152","DOCUMENTATION","BUG","Ensure the features.html and index.html adequately give httpclient enough credit"
"HTTPCLIENT-151","BUG","BUG","CookieSpec.formatCookie(Cookie) produces an incorrect cookie header value"
"HTTPCLIENT-795","BUG","BUG","If there is more than 15 seconds between HttpClient.execute() calls using a MultipartEntity, a ProtocolException is thrown complaining about the Content-Length header already being present."
"HTTPCLIENT-57","RFE","BUG","Define and implement Logging policy"
"HTTPCLIENT-734","IMPROVEMENT","IMPROVEMENT","request.abort() should interrupt thread waiting for a connection"
"HTTPCLIENT-1007","RFE","IMPROVEMENT","When A URL is redirected, there is no easy way to encode the new url before HC tries to execute it/"
"HTTPCLIENT-516","DOCUMENTATION","IMPROVEMENT","Javadoc: does not mention Expires; clarify validate"
"HTTPCLIENT-652","RFE","IMPROVEMENT","Add optional state attribute to managed client connections"
"HTTPCLIENT-686","BUILD_SYSTEM","BUG","Maven 2 POM includes junit in default ""compile"" scope, rather than ""test"" scope"
"HTTPCLIENT-387","BUG","BUG","DefaultHttpParamsFactory.getDefaultParams() is not thread safe"
"HTTPCLIENT-189","RFE","BUG","Set-Cookie2 and Set-Cookie"
"HTTPCLIENT-213","BUG","BUG","Authentication fails with proxied SSL Connections"
"HTTPCLIENT-641","BUG","BUG","Resource Leakage when loading keystore in AuthSSLProtocolSocketFactory"
"HTTPCLIENT-1032","IMPROVEMENT","BUG","cache revalidation of variants does not update original variant entry"
"HTTPCLIENT-776","BUG","BUG","NPE w/ AbstractPoolEntry.open"
"HTTPCLIENT-559","IMPROVEMENT","BUG","SSL contrib files do not use standard javax.net.ssl package provided from JDK 1.4.2"
"HTTPCLIENT-92","BUG","BUG","Cookies with ',' in the value string is not parsed correctly in some cases"
"HTTPCLIENT-779","CLEANUP","IMPROVEMENT","toplevel exception cleanup"
"HTTPCLIENT-994","RFE","IMPROVEMENT","cache does not allow client to override origin-specified freshness using max-stale"
"HTTPCLIENT-991","BUG","BUG","cache module produces improperly formatted Warning header when revalidation fails"
"HTTPCLIENT-350","BUG","BUG","HttpState#matchCredentials is broken"
"HTTPCLIENT-716","RFE","IMPROVEMENT","application-defined routes"
"HTTPCLIENT-987","IMPROVEMENT","BUG","cache module does not recognize equivalent URIs"
"HTTPCLIENT-249","IMPROVEMENT","IMPROVEMENT","please log allocation of new connections to support debugging, testing"
"HTTPCLIENT-252","RFE","IMPROVEMENT","Cookie Strict Mode independent of regular Strict Mode"
"HTTPCLIENT-51","RFE","BUG","Redefine HttpClient vs HttpMultiClient interface for 2.0"
"HTTPCLIENT-540","DOCUMENTATION","BUG","Typo in API_CHANGES_3_0.txt"
"HTTPCLIENT-974","BUG","BUG","RequestWrapper does not use the headers of the request it wraps."
"HTTPCLIENT-698","BUG","BUG","DefaultRedirectHandler not resolving relative location URI wrt the request URI"
"HTTPCLIENT-105","BUG","BUG","ChunkedInputStream broken (2 bugs + fixes, 1 suggestion)"
"HTTPCLIENT-1035","RFE","IMPROVEMENT","cache should invalidate obsoleted entries mentioned in Content-Location"
"HTTPCLIENT-215","BUILD_SYSTEM","BUG","Build problem with StrictSSLProtocolSocketFactory"
"HTTPCLIENT-209","RFE","IMPROVEMENT","Add set/getLocalAddress methods to HostConfiguration"
"HTTPCLIENT-456","BUG","BUG","HttpClient should always override the host of HostConfiguration if an absolute request URI is given"
"HTTPCLIENT-1156","RFE","IMPROVEMENT","Kerberos Authentication Scheme"
"HTTPCLIENT-1087","BUG","BUG","Proxy authentication error: Unexpected state: MSG_TYPE3_GENERATED when using NTLM authentication"
"HTTPCLIENT-353","RFE","IMPROVEMENT","Setting different MAX_HOST_CONNECTION values per host using a single MultiThreadedHttpConnectionManager"
"HTTPCLIENT-650","IMPROVEMENT","BUG","Wire log is incomplete if HttpParser detects an error"
"HTTPCLIENT-594","BUG","BUG","HttpMethodBase#aborted variable mistakenly declared transient instead of volatile"
"HTTPCLIENT-178","IMPROVEMENT","IMPROVEMENT","MultiThreadedHttpConnectionManager never reclaims unused connectons"
"HTTPCLIENT-438","DOCUMENTATION","IMPROVEMENT","commons codec not documented as a dependency"
"HTTPCLIENT-188","BUG","BUG","recoverable exceptions when reading are not retried"
"HTTPCLIENT-656","RFE","RFE","IP address of the server of a HttpConnection"
"HTTPCLIENT-940","BUG","BUG","impl.conn.Wire uses String.getBytes() which depends on the default charset"
"HTTPCLIENT-639","BUILD_SYSTEM","","Add OSGi bundle metadata to manifest"
"HTTPCLIENT-1075","BUG","BUG","ContentEncodingHttpClient.execute(HttpGet, ResponseHandler<T>) throws IOException when reading compressed response"
"HTTPCLIENT-861","RFE","BUG","URI reference resolution fails examples in RFC 3986"
"HTTPCLIENT-541","RFE","IMPROVEMENT","Redesign virtual host API"
"HTTPCLIENT-198","BUG","BUG","The PostMethod did not bring back response headers from proxy servers"
"HTTPCLIENT-951","BUG","BUG","Incorrect handling of InputStreams when connecting to a server that requires authentication"
"HTTPCLIENT-820","DOCUMENTATION","BUG","AbstractHttpClient.addRequestInterceptor should document in what order the interceptors run"
"HTTPCLIENT-805","RFE","IMPROVEMENT","Pass ClientConnectionManager to DefaultHttpClient constructor"
"HTTPCLIENT-233","DOCUMENTATION","IMPROVEMENT","HttpMethodBase Javadoc patches"
"HTTPCLIENT-284","DOCUMENTATION","BUG","Updates to connectionStaleCheckingEnabled docs."
"HTTPCLIENT-3","BUG","BUG","Http Authentication with invalid credentials causes infinite loop"
"HTTPCLIENT-768","BUILD_SYSTEM","","Publish source/javadoc jar files to the Maven repository"
"HTTPCLIENT-150","BUG","BUG","StringIndexOutOfBound exception in RFC2109 cookie validate when host name contains no domain information and is short in length than the cookie domain."
"HTTPCLIENT-833","BUG","BUG","SSLSocketFactory.connectSocket() possible NPE - or use of wrong variable?"
"HTTPCLIENT-19","BUG","BUG","Response Folded Headers throws HttpException"
"HTTPCLIENT-645","IMPROVEMENT","BUG","Cookie.compare(...) uses single instance STRING_COLLATOR to do blocking compares"
"HTTPCLIENT-330","BUG","BUG","[PATCH] Wirelog corrections"
"HTTPCLIENT-767","BUG","BUG","Static variables need to be final (or access should be synchronised):"
"HTTPCLIENT-952","BUG","BUG","SSLSocketFactory.createSSLContext does not process trust store"
"HTTPCLIENT-1113","BUG","BUG","Error downloading text file with gzip content encoding"
"HTTPCLIENT-232","IMPROVEMENT","IMPROVEMENT","Make MultiThreadedHttpConnectionManager defaults public statics."
"HTTPCLIENT-736","REFACTORING","IMPROVEMENT","dependencies for route planner implementations"
"HTTPCLIENT-1134","DOCUMENTATION","IMPROVEMENT","BasicResponseHandler Javadoc Needs Clarification"
"HTTPCLIENT-262","DOCUMENTATION","BUG","Minor typo in org.apache.commons.httpclient.Wire 2.0-rc1"
"HTTPCLIENT-270","BUG","BUG","return value of PostMethod#removeParameter"
"HTTPCLIENT-332","IMPROVEMENT","IMPROVEMENT","Connection timeout logic redesign"
"HTTPCLIENT-636","IMPROVEMENT","IMPROVEMENT","Revise internal data structures of ThreadSafeClientConnManager"
"HTTPCLIENT-35","RFE","IMPROVEMENT","[HttpClient] Better proxy support in HttpMultiClient"
"HTTPCLIENT-895","IMPROVEMENT","IMPROVEMENT","Log creation impairs performance"
"HTTPCLIENT-358","IMPROVEMENT","BUG","Auto method retrial broken"
"HTTPCLIENT-1036","IMPROVEMENT","BUG","StringBody has incorrect default for characterset"
"HTTPCLIENT-1029","DOCUMENTATION","IMPROVEMENT","Update 3.x legacy homepage with end of life notification and pointer to HTTPComponents"
"HTTPCLIENT-865","OTHER","BUG","HttpClient OSGi Export-Package doesn't specify version"
"HTTPCLIENT-780","DOCUMENTATION","BUG","ProxyHost/HttpHost: Checks for null when javadoc document null ok"
"HTTPCLIENT-587","BUG","BUG","derelativizing of relative URIs with a scheme is incorrect"
"HTTPCLIENT-1168","DOCUMENTATION","BUG","HTTPClient doesn't send authentication header in threaded environment"
"HTTPCLIENT-388","DOCUMENTATION","BUG","http.connection-manager.timeout is a LONG not an INTEGER"
"HTTPCLIENT-929","BUG","BUG","Request with two forward slashes for path fails"
"HTTPCLIENT-100","RFE","IMPROVEMENT","Add possibility to disable automatic authentication header processing."
"HTTPCLIENT-563","DOCUMENTATION","BUG","Incorrect copyright statements"
"HTTPCLIENT-754","BUG","BUG","BasicClientCookie.toString() contains 'name' instead of 'value' when writing out cookie value"
"HTTPCLIENT-69","DOCUMENTATION","IMPROVEMENT","User/Developer Documentation"
"HTTPCLIENT-167","BUG","BUG","SSL Tunneling does not work with MultiThreadedHttpConnectionManager"
"HTTPCLIENT-749","RFE","IMPROVEMENT","HttpClient 'ParamBeans' for easier configuration"
"HTTPCLIENT-942","DOCUMENTATION","BUG","ClientConnectionRelease example is incorrect"
"HTTPCLIENT-726","IMPROVEMENT","IMPROVEMENT","review TSCCM for spurious wakeups"
"HTTPCLIENT-880","BUG","BUG","Check for correct content-type in URLEncodedUtils not working for encoding-suffixes"
"HTTPCLIENT-328","RFE","IMPROVEMENT","Proxy tunneling/auth with CONNECT for non-HTTP protocols"
"HTTPCLIENT-589","IMPROVEMENT","IMPROVEMENT","Do not consume the remaining response content if the connection is to be closed"
"HTTPCLIENT-1041","BUG","BUG","Enabling wire logging changes isEof/isStale behavior"
"HTTPCLIENT-693","BUG","BUG","DEFAULT_HEADERS not added to subsequent requests"
"HTTPCLIENT-1160","RFE","IMPROVEMENT","LayeredSchemeSocketFactory.createLayeredSocket() should have access to HttpParams"
"HTTPCLIENT-631","IMPROVEMENT","BUG","String constants should be final"
"HTTPCLIENT-1155","IMPROVEMENT","BUG","CachingHttpClient should have similar behavior as AbstractHttpClient when executing with ResponseHandler"
"HTTPCLIENT-1107","BUG","BUG","HttpClient does not retry authentication when multiple challenges are present if the primary one fails"
"HTTPCLIENT-1136","BUG","BUG","BasicClientConnectionManager.releaseConnection accesses poolEntry using non-standard lock"
"HTTPCLIENT-475","RFE","IMPROVEMENT","Provide support for unconnected sockets"
"HTTPCLIENT-733","RFE","RFE","Implementation of Delete method"
"HTTPCLIENT-612","BUG","BUG","FileRequestEntity in SVN does not close input file"
"HTTPCLIENT-111","RFE","IMPROVEMENT","Add multi-part post support"
"HTTPCLIENT-679","BUG","BUG","URI Absolutization does not follow browser behavior"
"HTTPCLIENT-418","BUG","BUG","ALLOW_CIRCULAR_REDIRECTS has no effect if references include query string"
"HTTPCLIENT-872","RFE","IMPROVEMENT","Add preemptive authentication"
"HTTPCLIENT-980","IMPROVEMENT","BUG","CachingHttpClient returns a 503 response when the backend HttpClient produces an IOException"
"HTTPCLIENT-997","IMPROVEMENT","IMPROVEMENT","cache module should handle out-of-order validations properly and unconditionally refresh"
"HTTPCLIENT-454","BUG","BUG","Connection with the proxy is not reopened if an proxy auth failure occurs while SSL tunnel is being established"
"HTTPCLIENT-509","DESIGN_DEFECT","BUG","need members of MultipartRequestEntity to be ""protected"" instead of ""private"" to make it extendable for multipart/related"
"HTTPCLIENT-319","BUG","BUG","ArrayIndexOutOfBounds Exception on invalid content-length"
"HTTPCLIENT-961","SPEC","BUG","not all applicable URIs are invalidated on PUT/POST/DELETEs that pass through client cache"
"HTTPCLIENT-677","IMPROVEMENT","IMPROVEMENT","Connection pool uses Thread.interrupt()"
"HTTPCLIENT-1098","IMPROVEMENT","IMPROVEMENT","Populating exception message with InetSocketAddress.getHostName() can take a long time"
"HTTPCLIENT-125","BUG","BUG","empty host header with ip address"
"HTTPCLIENT-759","BUG","BUG","DefaultClientRequestDirector doesn't release connections back to ClientConnectionManager on exceptions"
"HTTPCLIENT-919","RFE","IMPROVEMENT","NTLM implementation lacks support for NTLMv1, NTLMv2, and NTLM2 Session forms of NTLM"
"HTTPCLIENT-25","BUG","BUG","[httpclient] Incorrect credentials loop infinitely"
"HTTPCLIENT-837","BUG","BUG","Wire produces invalid log skipping zero bytes in certain cases"
"HTTPCLIENT-915","RFE","RFE","Provide a clean mechanism to attatch user define attributes to connections"
"HTTPCLIENT-593","IMPROVEMENT","BUG","ProtocolSocketFactory equals and hashCode don't support subclassing"
"HTTPCLIENT-1024","BUG","BUG","cache does not validate multiple cached variants"
"HTTPCLIENT-287","IMPROVEMENT","IMPROVEMENT","Setting CONNECTION_TIMEOUT and SO_TIMEOUT on a per-method basis"
"HTTPCLIENT-310","BUG","BUG","Memory leak in MultiThreadedHttpClient caused by bad .equals()"
"HTTPCLIENT-497","IMPROVEMENT","BUG","Logger (Category) names don't follow common pattern"
"HTTPCLIENT-867","DOCUMENTATION","BUG","Logging documentation refers to nonexisting level ERROR in java.util.logging section"
"HTTPCLIENT-45","RFE","IMPROVEMENT","HTTP Version configuration and tracking"
"HTTPCLIENT-264","BUG","BUG","Crashes when it gets a redirect"
"HTTPCLIENT-819","DOCUMENTATION","BUG","HttpParams doesn't document its key values"
"HTTPCLIENT-369","BUG","BUG","Missing skip()-Method in ContentLengthInputStream"
"HTTPCLIENT-366","DOCUMENTATION","BUG","PostMethod Java doc refers to wrong section of RFC1945"
"HTTPCLIENT-462","IMPROVEMENT","BUG","ProtocolException thrown on slightly broken headers"
"HTTPCLIENT-141","IMPROVEMENT","BUG","Using deprecated class javax.servlet.http.HttpUtils"
"HTTPCLIENT-902","BUG","BUG","In case of ConnectTimeoutException : HttpRequestRetryHandler is not used."
"HTTPCLIENT-244","IMPROVEMENT","BUG","URI uses  sun.security.action.GetPropertyAction"
"HTTPCLIENT-688","BUG","BUG","HttpOptions.getAllowedMethods expects single Allow header"
"HTTPCLIENT-74","RFE","IMPROVEMENT","J2EE FORM authentication (also affects pluggable authentication)"
"HTTPCLIENT-222","BACKPORT","BUG","Via NTLM proxy to SSL Apache/BasicAuth. - worked in may 22nd, but broken in beta1"
"HTTPCLIENT-931","BUG","BUG","Change value of 'Expect' header in org.apache.http.client.methods.HttpPost"
"HTTPCLIENT-11","BUG","BUG","null domains break Cookie.java"
"HTTPCLIENT-182","BUG","BUG","httpclient charset encooding loosing problem"
"HTTPCLIENT-597","IMPROVEMENT","IMPROVEMENT","MultithreadedConnectionManager and IdleConnectionTimeoutThread improvements"
"HTTPCLIENT-737","BUG","BUG","EchoHandler:104 possible NPE"
"HTTPCLIENT-521","DOCUMENTATION","BUG","SimpleHttpConnectionManager is used incorrectly by tutorial code"
"HTTPCLIENT-1116","BUG","BUG","ResponseCachingPolicy uses integers for sizes"
"HTTPCLIENT-1105","RFE","","Built-in way to do auto-retry for certain status codes"
"HTTPCLIENT-22","BUG","BUG","shouldn't automatically set Content-Length in request header"
"HTTPCLIENT-320","BUG","BUG","""Socket Closed"" IOException thrown by HttpConnection"
"HTTPCLIENT-588","BUG","BUG","relative URIs with internal double-slashes ('//') misparsed"
"HTTPCLIENT-554","RFE","IMPROVEMENT","AbstractHttpProcessor hard-wired against a single context"
"HTTPCLIENT-301","IMPROVEMENT","BUG","Cookie rejected"
"HTTPCLIENT-103","BUG","BUG","ChunkedInputStream incorrectly handles chunksize without semicolon"
"HTTPCLIENT-654","IMPROVEMENT","BUG","Cookie class cannot handle IPv6 literals"
"HTTPCLIENT-459","IMPROVEMENT","IMPROVEMENT","Document the problem with MS impl of digest authentication with older JREs and stale connection check"
"HTTPCLIENT-82","RFE","IMPROVEMENT","HttpURLConnection wrapper"
"HTTPCLIENT-578","BUG","BUG","literal plus (+) character in path components of HttpURL is not preserved."
"HTTPCLIENT-1127","BUG","BUG","Deadlock between SingleClientConnManager.releaseConnection() and SingleClientConnManager.shutdown()"
"HTTPCLIENT-31","RFE","IMPROVEMENT","user need a way to control cookie policy"
"HTTPCLIENT-1017","OTHER","BUG","Checksum Wrong for HttpComponent project pom v4.1 on central"
"HTTPCLIENT-184","BUG","BUG","org.apache.commons.httpclient.HeaderElement fail to parse cookie header"
"HTTPCLIENT-1159","RFE","IMPROVEMENT","HttpClientUtils  - Helper methods to release resources of HttpClient / HttpResponse after use "
"HTTPCLIENT-881","BUG","BUG","AbstractClientConnAdapter doesn't ensure that only one of ConnectionReleaseTrigger.abortConnection, .releaseConnection has effect"
"HTTPCLIENT-841","IMPROVEMENT","BUG","potential memory leak when using ThreadSafeClientConnManager"
"HTTPCLIENT-1137","IMPROVEMENT","IMPROVEMENT","The values for the Via header are created by httpclient-cache for each cached and backend request"
"HTTPCLIENT-495","BUG","BUG","DefaultHttpMethodRetryHandler does not check whether the failed method has been aborted"
"HTTPCLIENT-662","TASK","TASK","Disentangle commons-httpclient from commons in Gump"
"HTTPCLIENT-378","BUG","BUG","HttpState.setCookiePolicy() is completely ignored"
"HTTPCLIENT-331","DOCUMENTATION","BUG","[PATCH] HttpClient#getHost & HttpClient#getPort methods are misleading"
"HTTPCLIENT-777","BUG","BUG","SingleClientConnectionManager Needs to Recreate UniquePoolEntry"
"HTTPCLIENT-1073","BUG","BUG","cache module generates exceptions for non-compliant responses without consuming response bodies"
"HTTPCLIENT-963","SPEC","BUG","client cache does not respect 'Cache-Control: no-store' on requests"
"HTTPCLIENT-303","IMPROVEMENT","IMPROVEMENT","auto close idle connections"
"HTTPCLIENT-757","BUG","BUG","Default proxy set at the client level has no effect"
"HTTPCLIENT-62","DOCUMENTATION","IMPROVEMENT","Developer documentation"
"HTTPCLIENT-351","IMPROVEMENT","IMPROVEMENT","Split the wire log into header and content parts."
"HTTPCLIENT-116","BUG","BUG","Request/Response race condition when doing multiple requests on the same connection."
"HTTPCLIENT-260","RFE","IMPROVEMENT","Authentication does not respond to stale nonce"
"HTTPCLIENT-126","IMPROVEMENT","BUG","Default charset"
"HTTPCLIENT-471","BUG","BUG","DateUtil#formatDate uses default locale instead of US"
"HTTPCLIENT-73","RFE","BUG","No way to get the requestBody out of a PostMethod or use if extending class"
"HTTPCLIENT-892","DOCUMENTATION","BUG","Links in Section ""Example Code"" are broken"
"HTTPCLIENT-704","BUG","BUG","Exception not caugh in DefaultResponseParser"
"HTTPCLIENT-1120","BUG","BUG","DefaultHttpRequestRetryHandler#retryRequest should not retry aborted requests"
"HTTPCLIENT-455","RFE","IMPROVEMENT","Feature Request: include contributed code for Plugin Proxy Detection"
"HTTPCLIENT-70","DOCUMENTATION","IMPROVEMENT","Provide more Example Code"
"HTTPCLIENT-1038","BUG","BUG","AbstractHttpClient.determineTarget(HttpUriRequest)"
"HTTPCLIENT-875","BUG","BUG","DefaultClientConnectionOperator doesn't update socket after call to connectSocket(...)"
"HTTPCLIENT-491","BUG","BUG","nonce-count in digest auth should not be quoted"
"HTTPCLIENT-826","BUILD_SYSTEM","IMPROVEMENT","Set source and output encoding in POMs"
"HTTPCLIENT-696","DOCUMENTATION","BUG","java.util.logging configuration examples does not work as intended"
"HTTPCLIENT-539","BUG","BUG","UserInfo disapears after creating URI"
"HTTPCLIENT-746","IMPROVEMENT","IMPROVEMENT","substitute for URLUtils.java"
"HTTPCLIENT-941","IMPROVEMENT","IMPROVEMENT","Standardize on a common mocking framework (either EasyMock or Mockito)"
"HTTPCLIENT-283","BUG","BUG","Invalid cookie causing IllegalArgumentException"
"HTTPCLIENT-376","REFACTORING","BUG","DateParser refactoring; Stateful cookie specs"
"HTTPCLIENT-343","DOCUMENTATION","BUG","[API Doc] Compile new preference architecture and HTTP parameterization guide"
"HTTPCLIENT-392","TEST","IMPROVEMENT","Provide additional test coverage for HTTP and HTTPS over proxy"
"HTTPCLIENT-560","IMPROVEMENT","BUG","entities and connection handling incomplete"
"HTTPCLIENT-318","BUG","BUG","Host configuration properties not updated when the method is redirected"
"HTTPCLIENT-533","DOCUMENTATION","BUG","CookiePolicy.registerCookieSpec(CookiePolicy.DEFAULT, <Some CookieSpec>); does not work as documented"
"HTTPCLIENT-1111","BACKPORT","IMPROVEMENT","Setting SSLSocket parameters"
"HTTPCLIENT-797","DESIGN_DEFECT","BUG","o.a.h.conn.scheme.PlainSocketFactory is not a true Singleton"
"HTTPCLIENT-414","BUG","BUG","cookies > 20 years invalidated"
"HTTPCLIENT-583","BUILD_SYSTEM","IMPROVEMENT","Build.xml - add log level definitions"
"HTTPCLIENT-285","RFE","IMPROVEMENT","Ability to ignore (reject) cookies altogether"
"HTTPCLIENT-241","IMPROVEMENT","IMPROVEMENT","Support for handling large files should be added"
"HTTPCLIENT-771","BUG","BUG","ConcurrentModificationException thrown in MultiThreaded code"
"HTTPCLIENT-329","DOCUMENTATION","IMPROVEMENT","[API Doc] Compile performance optimization guide"
"HTTPCLIENT-121","BUG","BUG","Cookie.java blowing up on cookies from ""country code"" domains"
"HTTPCLIENT-557","BUG","BUG","Nullpointer when creating URI from scheme specific part with null fragment"
"HTTPCLIENT-627","IMPROVEMENT","IMPROVEMENT","overhaul connection manager and associated connection interface"
"HTTPCLIENT-617","IMPROVEMENT","BUG","Hostname verification:  turn off wildcards when CN is an IP address"
"HTTPCLIENT-273","BUG","BUG","ConnectionTimeoutException doesn't releaseConnection()"
"HTTPCLIENT-205","BUG","BUG","HttpMethodBase(String) incorrectly encoding URI"
"HTTPCLIENT-1123","RFE","RFE","Implement a way to override or resolve DNS entries defined in the OS"
"HTTPCLIENT-220","BUG","BUG","HttpClient does not properly handle 'application/x-www-form-urlencoded' encoding"
"HTTPCLIENT-315","BUG","BUG","HttpURL creates wrong authority String when user info is changed"
"HTTPCLIENT-136","IMPROVEMENT","BUG","Inadequate HTTP proxy server support in HttpClient."
"HTTPCLIENT-204","BUG","BUG","StackOverflowError in HttpConnection"
"HTTPCLIENT-466","IMPROVEMENT","BUG","URI.parseUriReference treats strings with leading ':' as absolute URIs with zero-length scheme"
"HTTPCLIENT-714","REFACTORING","","move route computation from client to director"
"HTTPCLIENT-561","BUG","BUG","entity returns the same stream for getContent()"
"HTTPCLIENT-257","RFE","BUG","NTLM class registers Sun JCE implementation by default"
"HTTPCLIENT-745","TASK","IMPROVEMENT","no classes with default visibility"
"HTTPCLIENT-12","BUG","BUG","double encoding of URLs"
"HTTPCLIENT-885","BUG","BUG","URLEncodedUtils fails to parse form-url-encoded entities that specify a charset"
"HTTPCLIENT-411","BUG","BUG","Checking of stale connections is broken"
"HTTPCLIENT-407","DOCUMENTATION","IMPROVEMENT","Errors in character entities in Javadoc for HttpVersion"
"HTTPCLIENT-472","BUG","IMPROVEMENT","No equals operation for Credentials implementations"
"HTTPCLIENT-311","BUG","BUG","getScheme() and getPort() return wrong defaults for HttpsURL"
"HTTPCLIENT-1061","BUG","BUG","Proxy-Authorization header received on server side"
"HTTPCLIENT-680","OTHER","BUG","web site for download of 3.1 fails"
"HTTPCLIENT-637","TEST","TEST","Unit tests for HttpConn"
"HTTPCLIENT-628","BUG","BUG","AutoCloseInputStream.available() throws IOException when auto-closed"
"HTTPCLIENT-859","BUG","BUG","BasicCookieStore treats cookies of the same name from the same host as duplicates, even if they have different paths"
"HTTPCLIENT-1001","BUG","BUG","CacheEntryUpdater does not properly update cache entry resource"
"HTTPCLIENT-337","REFACTORING","IMPROVEMENT","Move Content-Type to the RequestEntity"
"HTTPCLIENT-943","DOCUMENTATION","IMPROVEMENT","CacheClient Javadoc and Constants usage cleanup"
"HTTPCLIENT-1009","BUG","BUG","http client cache: SizeLimitedResponseReader is not setting content type for InputStreamEntity in constructResponse()"
"HTTPCLIENT-185","BUG","BUG","Ordering of methods in PostMethod changes behaviour"
"HTTPCLIENT-1045","BUG","BUG","HttpGet request not being created when parameter ""url"" is present"
"HTTPCLIENT-382","REFACTORING","BUG","Move multipart request to a new RequestEntity type"
"HTTPCLIENT-10","IMPROVEMENT","BUG","tests-local fails on 3 tests"
"HTTPCLIENT-61","RFE","IMPROVEMENT","configurable User-Agent string"
"HTTPCLIENT-293","RFE","IMPROVEMENT","Provide support for non-ASCII charsets in the multipart disposition-content header"
"HTTPCLIENT-937","RFE","IMPROVEMENT","Make CacheEntry use an immutable object to represent cache content "
"HTTPCLIENT-148","BUG","BUG","Redirect to a relative URL fails"
"HTTPCLIENT-803","BUG","BUG","SSL connections cannot be established using the IP address"
"HTTPCLIENT-602","REFACTORING","IMPROVEMENT","refactor HttpClientConnection and HttpProxyConnection"
"HTTPCLIENT-234","RFE","IMPROVEMENT","Customizable Cookie Policy"
"HTTPCLIENT-504","BUG","BUG","max connections per host setting does not work"
"HTTPCLIENT-605","BUILD_SYSTEM","IMPROVEMENT","junit dependency in pom.xml with default compile scope"
"HTTPCLIENT-467","BUG","BUG","CookieSpecBase.domainMatch() leaks cookies to 3rd party domains"
"HTTPCLIENT-194","RFE","BUG","httpClient does not support installation of different SSLSocketFactory"
"HTTPCLIENT-818","DOCUMENTATION","BUG","No documentation on how to use CookieSpec"
"HTTPCLIENT-988","IMPROVEMENT","IMPROVEMENT","cache module should strip 'Content-Encoding: identity' from responses"
"HTTPCLIENT-279","BUG","BUG","Connections are not release when a recoverable exception occurs."
"HTTPCLIENT-1000","RFE","IMPROVEMENT","Configure Maximum Connection Lifetimes"
"HTTPCLIENT-990","IMPROVEMENT","IMPROVEMENT","Allow heuristic freshness caching"
"HTTPCLIENT-356","DOCUMENTATION","IMPROVEMENT","[API DOC] Authentication guide update: alternate authentication"
"HTTPCLIENT-192","BUG","BUG","Duplicate request headers when connect through proxies"
"HTTPCLIENT-308","IMPROVEMENT","BUG","Log level for message should be debug instead of error."
"HTTPCLIENT-622","BUG","BUG","leak in MultiThreadedHttpConnectionManager.ConnectionPool.mapHosts"
"HTTPCLIENT-17","RFE","IMPROVEMENT","need a way to set time out when using HttpClient and HttpMultiClient"
"HTTPCLIENT-939","BUG","BUG","302 response without location header throws exception"
"HTTPCLIENT-1058","BUG","BUG","SO_TIMEOUT not set early enough for SOCKS proxies in PlainSocketFactory"
"HTTPCLIENT-763","BUG","BUG","AbstractClientConnAdapter#abortConnection() does not release the connection if called from the main execution thread while there is no blocking I/O operation "
"HTTPCLIENT-173","RFE","BUG","Multiple DIGEST authentication attempts with same credentials"
"HTTPCLIENT-60","RFE","IMPROVEMENT","Handle virtual hosts, relative urls, multi-homing"
"HTTPCLIENT-336","BUG","BUG","ArrayIndexOutOfBoundsException in HttpStatus.getStatusText(508)"
"HTTPCLIENT-1092","IMPROVEMENT","IMPROVEMENT","ClientPNames.VIRTUAL_HOST is used as is; if not provided, the port should be derived from the target URL"
"HTTPCLIENT-977","RFE","RFE","provide a memcached implementation for HttpCache"
"HTTPCLIENT-175","BUG","BUG","HttpState cannot differentiate credentials for different hosts with same Realm names"
"HTTPCLIENT-992","IMPROVEMENT","IMPROVEMENT","cache should not generate stale responses to requests explicitly requesting first-hand or fresh ones"
"HTTPCLIENT-53","IMPROVEMENT","IMPROVEMENT","Handle Returning Null consistantly"
"HTTPCLIENT-275","BUG","BUG","problem with isIPv4address() for relative uri's"
"HTTPCLIENT-118","DOCUMENTATION","BUG","Build with JDK 1.4, get many javadoc warnings"
"HTTPCLIENT-191","BUG","BUG","NTLM Authentication Fails"
"HTTPCLIENT-72","RFE","IMPROVEMENT","Support for NTLM authentication"
"HTTPCLIENT-663","TASK","TASK","New Gump projects for HttpComponents 4.0"
"HTTPCLIENT-712","RFE","IMPROVEMENT","improve HttpRoute API"
"HTTPCLIENT-632","BUG","BUG","Possible NPE in HttpHost"
"HTTPCLIENT-39","IMPROVEMENT","IMPROVEMENT","Authorization credentials should be sent pre-emptively"
"HTTPCLIENT-269","BUG","BUG","HttpConnection.isResponseAvailable() calls setSoTimeout() but does not catch IOException"
"HTTPCLIENT-730","BUG","BUG","Use of Multi-Args URI Causes URI-Rewriting to improperly unescape characters"
"HTTPCLIENT-391","TEST","IMPROVEMENT","Deprecate and replace TestWebapp with the SimpleHttpServer based testing framework"
"HTTPCLIENT-251","DESIGN_DEFECT","IMPROVEMENT","Content-Length & Transfer-Encoding request headers should be handled by entity enclosing methods"
"HTTPCLIENT-193","IMPROVEMENT","BUG","Buffered output to socket"
"HTTPCLIENT-781","RFE","BUG","Respect Keep-Alive Header"
"HTTPCLIENT-142","BUG","BUG","Test case failure for testConnTimeout"
"HTTPCLIENT-512","BUG","BUG","UsernamePasswordCredentials.equals(null) throws NPE"
"HTTPCLIENT-202","BUG","BUG","GetMethod.java checks the ""used"" flag which cannot be set at this time"
"HTTPCLIENT-300","DOCUMENTATION","BUG","BasicAuthenticatonExample.java in CVS"
"HTTPCLIENT-44","RFE","IMPROVEMENT","Non-standards configuration and tracking"
"HTTPCLIENT-866","OTHER","BUG","HttpClient depends on jcip-annotations.jar"
"HTTPCLIENT-169","BUG","BUG","Cookies with null value are not formatted correctly"
"HTTPCLIENT-67","BUILD_SYSTEM","BUG","Build environment configuration: Mavenize the build process"
"HTTPCLIENT-436","BUG","BUG","Retry on ConnectionException does not work"
"HTTPCLIENT-174","RFE","IMPROVEMENT","Need setURI() methods in HttpMethod interface"
"HTTPCLIENT-598","BUG","BUG","ContentLengthInputStream does not implement available() properly"
"HTTPCLIENT-124","BUG","BUG","MultipartPost closes input stream"
"HTTPCLIENT-1005","CLEANUP","IMPROVEMENT","API surface of caching module can be reduced"
"HTTPCLIENT-883","BUG","BUG","SO_TIMEOUT is not set on a request level"
"HTTPCLIENT-1031","BUG","BUG","Cannot clone BasicClientCookie2 without specified ports"
"HTTPCLIENT-453","BUG","BUG","Virtual host setting does not apply when parsing and matching cookies"
"HTTPCLIENT-253","DOCUMENTATION","IMPROVEMENT","Javadocs clean-up"
"HTTPCLIENT-511","BUG","BUG","Preemptive Authorization parameter initialization incorrect, causes preemptive auth not to work"
"HTTPCLIENT-42","REFACTORING","IMPROVEMENT","Open up org.apache.commons.httpclient.Base64 please"
"HTTPCLIENT-978","RFE","RFE","provide an ehcache implementation for HttpCache"
"HTTPCLIENT-982","RFE","RFE","Could we get a way to know if the response has been served from the cache or not ?"
"HTTPCLIENT-1180","BUG","BUG","NullPointerException when using HttpHead and Request/Response interceptors"
"HTTPCLIENT-687","BUG","BUG","DefaultRedirectHandler does not access correct HttpParams"
"HTTPCLIENT-514","BUG","BUG","Preemptive auth flags disregarded during ssl tunnel creation"
"HTTPCLIENT-292","BUG","BUG","NTLM Proxy and basic host authorization"
"HTTPCLIENT-381","BACKPORT","BUG","HttpState#PREEMPTIVE_PROPERTY removed."
"HTTPCLIENT-80","RFE","BUG","PostMethod - Chunked requests are not supported at the moment."
"HTTPCLIENT-853","BUG","BUG","Wrong cookie matching port number reported when using a proxy"
"HTTPCLIENT-349","IMPROVEMENT","IMPROVEMENT","Credentials ignored if realm specified in preemptive authentication"
"HTTPCLIENT-916","RFE","IMPROVEMENT","RFE: Make Credentials Serializable"
"HTTPCLIENT-114","BUILD_SYSTEM","BUG","httpclient build requires jdk 1.4 or jce in classpath"
"HTTPCLIENT-770","CLEANUP","IMPROVEMENT","Code cleanups for Java 1.5 and more."
"HTTPCLIENT-984","TEST","TEST","additional conditional compliance tests for the caching module for Content-Encoding, Content-Location, Date, Expires, Server, Transfer-Encoding, and Vary headers"
"HTTPCLIENT-764","DOCUMENTATION","IMPROVEMENT","HttpClient javadocs need improving"
"HTTPCLIENT-673","RFE","IMPROVEMENT","revise max-per-host configuration"
"HTTPCLIENT-450","TEST","BUG","TestExcetions never run"
"HTTPCLIENT-375","BUG","BUG","Chunked Stream Encoding Problems Fails to throw Exceptions"
"HTTPCLIENT-760","BUG","BUG","Abort Before Execute & Various Other Times Fails"
"HTTPCLIENT-1130","BUG","BUG","New LaxRedirectStrategy class should probably call the super method first."
"HTTPCLIENT-573","IMPROVEMENT","BUG","Disallow the use of SecureProtocolSocketFactory with ProxyClient"
"HTTPCLIENT-297","BUG","BUG","DigestScheme.authenticate returns invalid authorization string when algorithm is null"
"HTTPCLIENT-958","SPEC","BUG","client cache currently allows incomplete responses to be passed on to the client"
"HTTPCLIENT-86","RFE","IMPROVEMENT","need to add a default constructor for Cookie"
"HTTPCLIENT-346","BUG","BUG","Cookies with names containing blanks or starting with $ should be rejected by RFC2109 spec only"
"HTTPCLIENT-325","BUG","BUG","Deadlock with MultiThreadedHttpConnectionManager"
"HTTPCLIENT-441","BUG","BUG","Cookie.java hashCode method violates contract"
"HTTPCLIENT-405","BUG","BUG","HostConfiguration.setHost(String) causes NullPointerException"
"HTTPCLIENT-15","BUG","BUG","redirect not handled correctly if location header doesn't have a protocol"
"HTTPCLIENT-235","IMPROVEMENT","BUG","HttpMethodBase logger uses wrong class."
"HTTPCLIENT-936","BUG","BUG","NullPointerException in NegotiateScheme"
"HTTPCLIENT-1162","RFE","IMPROVEMENT","Header adding in org.apache.http.client.protocol.RequestAcceptEncoding should be conditional"
"HTTPCLIENT-584","TASK","TASK","Remove lib directory from SVN trunk"
"HTTPCLIENT-8","BUG","BUG","LogSource.setLevel incorrectly uses entrySet"
"HTTPCLIENT-523","RFE","IMPROVEMENT","SPNEGO authentication scheme"
"HTTPCLIENT-995","BUG","BUG","cache returns cached responses even if validators not consistent with all conditional headers"
"HTTPCLIENT-490","BUG","BUG","Can not set the ""Proxy-connection"" header"
"HTTPCLIENT-146","BUILD_SYSTEM","BUG","Error from maven when generating the task list"
"HTTPCLIENT-666","RFE","IMPROVEMENT","Replace HttpState with CredentialsProvier and CookieStore interfaces"
"HTTPCLIENT-651","DOCUMENTATION","IMPROVEMENT","Inconsistent, order dependant behaviour in HttpMethodBase.getResponse*"
"HTTPCLIENT-953","BUG","BUG","ConnPoolByRoute driving RouteSpecificPool to IllegalState"
"HTTPCLIENT-1104","RFE","IMPROVEMENT","Add way to check for release of connections back into pool"
"HTTPCLIENT-1129","BUG","","Redirect and Kerberos authentication in conflict"
"HTTPCLIENT-606","BUG","BUG","HttpMethodDirector fails when redirecting to a encoded URL location"
"HTTPCLIENT-823","RFE","IMPROVEMENT","Make it possible to adjust MaxTotalConnections parameter dynamicaly"
"HTTPCLIENT-827","TEST","IMPROVEMENT","ServerTestBase, LocalTestServer should be redistributed"
"HTTPCLIENT-643","RFE","IMPROVEMENT","Provide fail-over for multi-home remote servers (if one server in a farm goes down)"
"HTTPCLIENT-161","BUG","BUG","MultipartPostMethod Holding File Stream Open?"
"HTTPCLIENT-690","RFE","IMPROVEMENT","Provide access to SSLSession in ManagedClientConnection"
"HTTPCLIENT-334","RFE","IMPROVEMENT","Per socket SOCKS proxies"
"HTTPCLIENT-986","BUG","BUG","cache module does not completely handle upstream Warning headers correctly"
"HTTPCLIENT-154","RFE","IMPROVEMENT","Allow redirects between hosts and ports"
"HTTPCLIENT-932","BUG","BUG","SSLSocketFactory.connectSocket(...) possible NPE"
"HTTPCLIENT-274","IMPROVEMENT","IMPROVEMENT","default behaviour of useExpectHeader"
"HTTPCLIENT-882","BUG","BUG","Auth state is not correctly maintained if a successful NTLM authentication results in a redirect"
"HTTPCLIENT-360","IMPROVEMENT","BUG","questionable default value for BufferedOutputStream size in HttpConnection"
"HTTPCLIENT-313","DOCUMENTATION","BUG","Improper EOL for text files on Windows"
"HTTPCLIENT-743","IMPROVEMENT","BUG","Duplicate log of HTTP header"
"HTTPCLIENT-425","BUG","BUG","URI.getHost() generates IllegalArgumentException"
"HTTPCLIENT-856","BUG","BUG","Proxy NTLM Authentication  Redirecting to different address fails saying Proxy Auth Required."
"HTTPCLIENT-144","DOCUMENTATION","BUG","Add a document describing the HttpClient release process"
"HTTPCLIENT-147","BUG","BUG","HttpClient enter 100% for endless time"
"HTTPCLIENT-996","BUG","BUG","SSL does not seem to work at all"
"HTTPCLIENT-9","BUG","BUG","Null paths break the compare method"
"HTTPCLIENT-271","BUG","BUG","PostMethod#setParameter"
"HTTPCLIENT-190","BUG","BUG","SetCookie / DateParser failing to parse non-standard date format"
"HTTPCLIENT-613","IMPROVEMENT","BUG","https should check CN of x509 cert"
"HTTPCLIENT-168","DOCUMENTATION","BUG","Include generated website in the distribution"
"HTTPCLIENT-933","DOCUMENTATION","BUG","All implementations of SchemeSocketFactory.createSocket(HttpParams params) ignore the params"
"HTTPCLIENT-321","BUG","BUG","wrong charset indication in HttpConstants.getContentString()"
"HTTPCLIENT-77","RFE","BUG","Implement Connection Timeouts"
"HTTPCLIENT-81","RFE","IMPROVEMENT","need getResponseContentLength in HttpMethod"
"HTTPCLIENT-741","BUG","BUG","AbstractClientConnAdapter prone to concurrency issues"
"HTTPCLIENT-870","OTHER","BUG","Incorrect Specification-Title headers in MANIFEST.MF"
"HTTPCLIENT-63","RFE","IMPROVEMENT","Response handlers"
"HTTPCLIENT-156","BUG","BUG","NullPointerException thrown when invalid header encountered"
"HTTPCLIENT-83","RFE","IMPROVEMENT","handle multivalue headers correctly"
"HTTPCLIENT-112","BUG","BUG","HttpClient incorrectly handles Transfer-Encoding header"
"HTTPCLIENT-655","BUG","BUG","User-Agent string violates RFC"
"HTTPCLIENT-449","DOCUMENTATION","BUG","RequestEntity, EntityEnclosingMethod have inconsistent Javadocs, use deprecated variables"
"HTTPCLIENT-1028","DOCUMENTATION","IMPROVEMENT","HttpClient Manual Simplified Chinese"
"HTTPCLIENT-177","IMPROVEMENT","BUG","reusing connections is unreliable"
"HTTPCLIENT-461","BUG","BUG","HttpClient does not correctly handle escaped characters in HTTP header elements"
"HTTPCLIENT-359","BUG","BUG","StringRequestEntity.getContentLength wrong for multibyte chars"
"HTTPCLIENT-1131","RFE","IMPROVEMENT","Support http URL inline authentication"
"HTTPCLIENT-469","BUG","BUG","Stale connection check does not work with IBM JSSE/JRE"
"HTTPCLIENT-424","RFE","BUG","setAuthPreemptive restricted to BASIC AuthScheme"
"HTTPCLIENT-669","RFE","IMPROVEMENT","introduce HttpRoutePlanner interface"
